{"cameraMode":{"drawMode":0,"name":"Shaded","section":"Shading Mode"},"sceneLighting":true,"audioPlay":false,"sceneViewState":{"m_AlwaysRefresh":false,"showFog":true,"showSkybox":true,"showFlares":true,"showImageEffects":true,"showParticleSystems":true,"showVisualEffectGraphs":true,"m_FxEnabled":true},"in2DMode":false,"pivot":{"x":11.664266586303711,"y":2.0493240356445314,"z":21.322589874267579},"rotation":{"x":-0.2049500197172165,"y":0.1467701643705368,"z":-0.031101100146770479,"w":-0.9672102928161621},"size":17.03400230407715,"orthographic":false}